"respondent_id";"collector_id";"date_created";"date_modified";"ip_address";"email_address";"first_name";"last_name";"custom_1";"Apreciado estudiante,El objetivo de esta encuesta es conocer su percepci�n sobre las Condiciones Clave del Ambiente de Aprendizaje (CCAA) del curso Taller de lectura en ingl�s 2�con el fin de identificar fortalezas y debilidades que permitan su mejoramiento. Su participaci�n es voluntaria y la informaci�n recolectada ser� objeto de reportes, investigaciones o productos acad�micos, cuidando siempre que no se revele su identidad.�El tiempo aproximado que le tomar� responder la encuesta es de 15 min.
Si decide participar, por favor marque �S� y luego haga click en el bot�n "Sig." que aparece abajo. En caso de que no desee participar, por favor cierre esta p�gina.
Si desea saber m�s de este proyecto, por favor comun�quese al correo electr�nico readingworkshop@uniandes.edu.co
Gracias por su colaboraci�n.";"CR_Por favor escriba su c�digo de estudiante.";"Por favor indique qu� tan de acuerdo est� con cada uno de los siguientes enunciados:";"";"";"";"";"";"";"";"";"";"";"";"";"Por favor indique qu� tan de acuerdo est� con cada uno de los siguientes enunciados:";"";"";"";"Por favor indique qu� tan de acuerdo est� con cada uno de los siguientes enunciados:";"";"";"";"";"";"";"";"";"O10_En promedio, �cu�ntas horas por semana tuvo que dedicar a las actividades desarrolladas fuera de clase?";"O11_�C�mo considera la carga acad�mica de este curso?";"Por favor indique qu� tan de acuerdo est� con cada uno de los siguientes enunciados:";"";"";"";"";"";"";"";"";"";"";"";"";"";"Por favor indique qu� tan de acuerdo est� con el siguiente enunciado:";"A4_En una escala de 1 a 5 (siendo 1 el m�nimo y 5 el m�ximo) valore el aporte de cada una de las siguientes actividades a su proceso de aprendizaje.";"";"";"";"";"Por favor indique qu� tan de acuerdo est� con cada uno de los siguientes enunciados:";"";"";"";"";"";"";"";"";"Por favor indique qu� tan de acuerdo est� con cada uno de los siguientes enunciados:";"";"";"";"";"";"";"";"Por favor indique qu� tan de acuerdo est� con el siguiente enunciado.";
"";"";"";"";"";"";"";"";"";"Response";"Codest15696";"HT1_Las herramientas tecnol�gicas usadas en el curso (Moodle, foros, videos de explicaci�n, cuestionarios, Skype empresarial) funcionaron de manera adecuada.";"Los foros funcionaron de manera adecuada.";"Los videos de explicaci�n funcionaron de manera adecuada.";"Los cuestionarios funcionaron de manera adecuada";"Moodle funcion� de manera adecuada.";"Skype empresarial funcion� de manera adecuada.";"HT2_Las herramientas tecnol�gicas usadas en el curso (Moodle, foros, videos de explicaci�n, cuestionarios, Skype empresarial) fueron f�ciles de usar.";"Los foros fueron f�ciles de usar";"Los videos de explicaci�n fueron f�ciles de usar";"Los cuestionarios fueron f�ciles de usar";"Moodle fue f�cil de usar";"Skype empresarial fue f�cil de usar";"HT3_Los contenidos en la plataforma estaban organizados de una manera que facilitaba su navegaci�n.";"O1_Los contenidos estuvieron disponibles en�la plataforma de manera oportuna.";"O2_Tuve claridad sobre los momentos en los que ocurrir�an las actividades durante el curso (m�dulo, semestre, etc.).";"O3_La distribuci�n de las actividades en el tiempo fue adecuada.";"O4_Tuve claro a qui�n dirigirme en caso de que se me presentaran dificultades tecnol�gicas.";"O5_Recib� respuesta oportuna para resolver mis inquietudes sobre las actividades del curso.";"O6_Recib� respuesta satisfactoria para resolver mis inquietudes sobre las actividades del curso.";"O7_Recib� respuesta oportuna cuando solicit� apoyo para resolver dificultades tecnol�gicas.";"O8_Recib� respuesta satisfactoria cuando solicit� apoyo para resolver dificultades tecnol�gicas.";"O9_Gracias a los espacios de capacitaci�n�pude usar las herramientas tecnol�gicas sin mayores dificultades.";"Gracias al material de inducci�n pude usar las herramientas tecnol�gicas sin mayores dificultades.";"Gracias al material de inducci�n pude entender la estructura del curso sin mayores dificultades.";"Gracias al material de inducci�n pude navegar en el curso sin mayores dificultades.";"Gracias al material de inducci�n pude entender los diferentes tipos de actividades del curso sin mayores dificultades.";"Response";"";"C1_Las instrucciones para el uso de las herramientas tecnol�gicas fueron claras.";"C2_Las instrucciones para el desarrollo de cada una de las actividades fueron claras.";"C3_Los recursos de aprendizaje seleccionados para el curso (videos de explicaci�n, lecturas, retroalimentaci�n de los cuestionarios, asesor�as virtuales) fueron pertinentes para mi aprendizaje.";"C4_La informaci�n contenida en los recursos de aprendizaje (videos de explicaci�n, lecturas, retroalimentaci�n de los cuestionarios, asesor�as virtuales) fue clara.";"La informaci�n contenida en los videos de explicaci�n para cada una de las estrategias fue clara.";"La informaci�n contenida en las lecturas fue clara.";"La informaci�n contenida en la retroalimentaci�n de los cuestionarios fue clara.";"La informaci�n contenida en las asesor�as virtuales fue clara";"C5_La informaci�n contenida en los recursos de aprendizaje (videos de explicaci�n, lecturas, retroalimentaci�n de los cuestionarios, asesor�as virtuales) fue suficiente.";"La informaci�n contenida en las asesor�as virtuales fue suficiente";"La informaci�n contenida en los videos de explicaci�n para cada una de las estrategias fue suficiente.";"La informaci�n contenida en las lecturas fue suficiente.";"La informaci�n contenida en la retroalimentaci�n de los cuestionarios fue suficiente.";"C6_El uso de recursos de aprendizaje en diferentes formatos contribuy� a mi proceso de aprendizaje en este curso.";"A2_Las actividades de preparaci�n de clase fueron importantes para comprender los temas de la asignatura y facilitar mi aprendizaje en las sesiones presenciales.";"Revisi�n del video de explicaci�n de cada estrat�gia";"Desarrollo de los cuestionarios en Moodle";"Participaci�n en los foros";"Participaci�n en las asesor�as virtuales";"Actividades presenciales";"I1_La interacci�n con mis compa�eros apoy� mi proceso de aprendizaje.";"I2_El prop�sito de las�interacciones con mis compa�eros fue claro.";"I3_La metodolog�a de ense�anza utilizada en este curso me facilit� colaborar con mis compa�eros.";"I4_Las herramientas tecnol�gicas del curso facilitaron mi interacci�n con otros estudiantes.";"I5_En este curso se promovi� la participaci�n de los estudiantes.";"I6_En este curso se promovi� el trabajo en grupo o en equipo.";"I7_En este curso se promovi� la retroalimentaci�n entre compa�eros.";"I8_En este curso se promovi� el intercambio de experiencias e ideas entre estudiantes.";"I9_En este curso, el aporte de otros estudiantes era necesario para completar las actividades grupales o en equipo.";"E1_Me explicaron la forma y los mecanismos que se utilizar�an para evaluarme en el curso.";"E2_Los criterios de evaluaci�n fueron claros.";"E3_La evaluaci�n fue coherente con las actividades realizadas en el curso.";"E4_La retroalimentaci�n que recib� fue constructiva.";"E5_La retroalimentaci�n que recib� de las actividades evaluadas fue oportuna.";"E6_La retroalimentaci�n que recib� me permiti� conocer en qu� deb�a mejorar.";"E7_La retroalimentaci�n que recib� me permiti� saber c�mo pod�a mejorar.";"E8_La interacci�n y comunicaci�n con mi profesor(a) fue suficiente para orientar mi proceso de aprendizaje.";"AC_El(La) profesor(a) gener� un ambiente de confianza para que los estudiantes participaran e hicieran preguntas.";
"6545927966";"164845248";"2017-11-27 8:09:17";"2017-11-27 8:19:21";"190.0.16.26";"";"";"";"";"1";"Codest15760";"4";"4";"2";"5";"2";"4";"5";"5";"5";"5";"5";"5";"5";"4";"5";"5";"2";"4";"4";"4";"4";"4";"3";"3";"3";"3";"3";"3";"4";"4";"4";"5";"5";"5";"5";"5";"5";"5";"5";"5";"5";"5";"4";"5";"5";"5";"5";"5";"4";"4";"3";"5";"5";"3";"3";"3";"3";"5";"5";"5";"5";"5";"5";"5";"5";"5";
"6544469468";"164845248";"2017-11-26 11:12:14";"2017-11-26 11:17:58";"12.130.118.0";"";"";"";"";"1";"Codest15761";"4";"4";"4";"4";"4";"3";"4";"4";"4";"4";"4";"3";"4";"5";"5";"5";"5";"5";"5";"5";"5";"3";"3";"5";"5";"5";"3";"3";"4";"5";"5";"5";"4";"5";"5";"3";"4";"3";"4";"4";"5";"3";"5";"4";"5";"2";"2";"5";"4";"4";"5";"3";"5";"5";"5";"4";"3";"5";"5";"5";"5";"5";"5";"5";"5";"5";
"6543529853";"164845248";"2017-11-25 8:42:33";"2017-11-25 8:47:29";"157.253.144.219";"";"";"";"";"1";"Codest15762";"1";"1";"1";"1";"1";"1";"1";"1";"1";"1";"1";"1";"1";"1";"1";"1";"1";"1";"1";"1";"1";"1";"1";"1";"1";"1";"2";"3";"1";"1";"1";"1";"1";"1";"1";"1";"1";"1";"1";"1";"1";"1";"1";"2";"3";"2";"5";"5";"1";"1";"1";"1";"1";"1";"1";"1";"1";"1";"1";"1";"1";"1";"1";"1";"1";"1";
"6543511847";"164845248";"2017-11-25 8:16:59";"2017-11-25 8:24:03";"157.253.168.224";"";"";"";"";"1";"Codest15763";"4";"4";"5";"5";"5";"4";"4";"4";"5";"4";"4";"4";"4";"5";"4";"4";"3";"4";"4";"4";"4";"4";"4";"4";"4";"4";"4";"3";"4";"4";"4";"4";"4";"4";"4";"3";"4";"3";"4";"4";"4";"4";"4";"5";"4";"3";"3";"5";"4";"4";"4";"3";"4";"4";"4";"4";"4";"4";"4";"5";"4";"3";"4";"4";"4";"4";
"6543509190";"164845248";"2017-11-25 8:13:06";"2017-11-25 8:28:57";"157.253.169.229";"";"";"";"";"1";"Codest15764";"5";"5";"5";"3";"5";"5";"5";"5";"5";"3";"5";"5";"5";"5";"5";"5";"5";"5";"5";"5";"5";"5";"5";"5";"5";"5";"7";"3";"5";"5";"5";"5";"5";"5";"5";"5";"5";"5";"5";"5";"5";"4";"4";"4";"4";"3";"5";"5";"4";"4";"3";"2";"5";"5";"5";"5";"4";"5";"5";"5";"5";"4";"5";"5";"5";"5";
"6543508426";"164845248";"2017-11-25 8:12:03";"2017-11-25 8:16:50";"157.253.143.212";"";"";"";"";"1";"Codest15765";"4";"3";"4";"4";"4";"4";"4";"4";"4";"4";"4";"4";"4";"5";"5";"5";"3";"5";"5";"3";"3";"5";"5";"5";"5";"5";"4";"4";"4";"4";"4";"4";"4";"4";"4";"4";"4";"4";"4";"4";"4";"4";"5";"5";"5";"3";"4";"5";"3";"3";"3";"2";"4";"3";"2";"3";"4";"5";"5";"5";"5";"5";"5";"5";"5";"5";
"6543507148";"164845248";"2017-11-25 8:09:56";"2017-11-25 8:18:36";"157.253.209.8";"";"";"";"";"1";"Codest15766";"4";"4";"4";"4";"4";"4";"4";"4";"4";"4";"4";"2";"4";"4";"5";"4";"4";"4";"4";"4";"4";"4";"4";"4";"4";"4";"6";"4";"4";"4";"4";"4";"4";"4";"4";"4";"4";"4";"4";"4";"4";"4";"4";"5";"5";"1";"4";"5";"3";"3";"3";"2";"4";"3";"3";"3";"2";"4";"4";"4";"4";"5";"5";"5";"5";"5";
"6543507139";"164845248";"2017-11-25 8:09:48";"2017-11-25 8:34:01";"190.127.196.246";"";"";"";"";"1";"Codest15767";"5";"5";"5";"5";"4";"3";"5";"4";"5";"5";"5";"3";"5";"5";"5";"4";"3";"0";"0";"3";"3";"5";"5";"5";"5";"5";"3";"5";"5";"5";"5";"5";"5";"5";"5";"5";"5";"5";"5";"5";"5";"5";"4";"4";"5";"1";"1";"5";"5";"5";"5";"4";"5";"5";"5";"5";"5";"5";"5";"5";"5";"5";"4";"4";"5";"5";
"6543506870";"164845248";"2017-11-25 8:09:30";"2017-11-25 8:18:05";"179.18.36.97";"";"";"";"";"1";"Codest15768";"4";"3";"4";"4";"4";"3";"3";"4";"4";"3";"4";"4";"4";"4";"4";"4";"4";"4";"4";"4";"4";"4";"4";"4";"4";"4";"5";"3";"4";"4";"4";"4";"4";"4";"4";"4";"4";"4";"4";"4";"4";"4";"4";"4";"3";"4";"4";"4";"4";"4";"2";"4";"4";"4";"4";"4";"4";"4";"2";"4";"4";"4";"4";"4";"3";"5";
"6543505279";"164845248";"2017-11-25 8:07:26";"2017-11-25 8:33:06";"177.252.250.21";"";"";"";"";"1";"Codest15769";"4";"3";"2";"3";"5";"5";"5";"4";"3";"4";"5";"5";"4";"5";"5";"5";"5";"5";"5";"5";"5";"5";"5";"5";"5";"5";"4";"3";"5";"5";"4";"4";"3";"3";"5";"5";"3";"5";"2";"3";"5";"4";"5";"5";"3";"1";"3";"5";"3";"2";"4";"3";"2";"1";"1";"1";"1";"5";"5";"5";"5";"5";"5";"5";"5";"5";
"6543504076";"164845248";"2017-11-25 8:05:46";"2017-11-25 8:13:44";"157.253.169.83";"";"";"";"";"1";"Codest15770";"5";"3";"5";"5";"5";"5";"5";"3";"5";"5";"5";"5";"5";"5";"5";"5";"3";"3";"0";"0";"0";"0";"5";"5";"5";"5";"6";"4";"5";"5";"5";"5";"5";"5";"4";"5";"5";"5";"5";"5";"4";"5";"4";"4";"4";"1";"2";"5";"3";"3";"3";"4";"4";"2";"3";"3";"2";"5";"5";"5";"3";"2";"4";"4";"4";"4";
"6543502358";"164845248";"2017-11-25 8:03:36";"2017-11-25 8:13:55";"157.253.168.164";"";"";"";"";"1";"Codest15771";"5";"3";"4";"4";"5";"5";"5";"3";"5";"4";"5";"5";"4";"5";"4";"4";"3";"5";"5";"0";"0";"0";"3";"4";"4";"3";"5";"3";"4";"4";"4";"4";"4";"4";"4";"4";"4";"4";"3";"4";"4";"4";"4";"5";"5";"3";"5";"5";"2";"2";"2";"2";"5";"3";"4";"3";"2";"5";"5";"5";"5";"5";"5";"5";"5";"5";
"6543498377";"166205846";"2017-11-25 7:58:51";"2017-11-25 8:07:48";"186.145.165.229";"Login estudiante15307";"";"";"";"1";"Codest15772";"5";"5";"5";"5";"5";"4";"5";"5";"5";"5";"5";"5";"5";"2";"5";"5";"4";"5";"5";"5";"5";"3";"3";"3";"3";"3";"6";"4";"3";"5";"4";"4";"4";"4";"4";"4";"4";"4";"4";"4";"5";"5";"5";"5";"5";"2";"5";"5";"1";"3";"1";"1";"4";"1";"2";"1";"1";"5";"5";"5";"5";"5";"5";"5";"5";"5";
"6543482851";"164845248";"2017-11-25 7:35:06";"2017-11-25 7:45:26";"177.252.255.137";"";"";"";"";"1";"Codest15773";"5";"5";"5";"5";"5";"5";"5";"5";"5";"5";"5";"5";"5";"5";"5";"5";"5";"5";"5";"5";"5";"5";"5";"5";"5";"5";"5";"5";"5";"5";"5";"5";"5";"5";"5";"5";"5";"5";"5";"5";"5";"5";"5";"5";"5";"5";"5";"5";"5";"5";"5";"5";"5";"5";"5";"5";"5";"5";"5";"5";"5";"5";"5";"5";"5";"5";
"6543313105";"164845248";"2017-11-25 2:15:53";"2017-11-25 2:20:16";"186.84.149.186";"";"";"";"";"1";"Codest15774";"1";"1";"1";"1";"1";"1";"1";"1";"1";"1";"1";"1";"1";"1";"1";"1";"1";"1";"1";"1";"1";"1";"1";"1";"1";"1";"3";"3";"4";"4";"4";"4";"4";"4";"4";"4";"4";"4";"4";"4";"4";"4";"4";"3";"4";"3";"3";"5";"4";"4";"3";"4";"4";"4";"4";"4";"4";"4";"4";"4";"4";"4";"4";"4";"4";"5";
"6543040944";"164845248";"2017-11-24 18:16:59";"2017-11-24 18:31:38";"186.170.232.223";"";"";"";"";"1";"Codest15775";"2";"4";"4";"3";"3";"2";"4";"4";"4";"3";"4";"4";"4";"5";"4";"5";"3";"5";"5";"3";"3";"3";"3";"3";"3";"3";"6";"3";"4";"4";"4";"5";"5";"5";"3";"4";"4";"4";"4";"4";"4";"4";"5";"4";"3";"4";"4";"5";"3";"3";"2";"2";"4";"2";"2";"2";"2";"5";"5";"5";"5";"5";"5";"5";"5";"5";
"6542231774";"166205846";"2017-11-24 7:53:43";"2017-11-24 8:02:10";"190.27.125.233";"Login estudiante15281";"";"";"";"1";"Codest15776";"3";"3";"1";"3";"4";"5";"2";"2";"1";"3";"4";"4";"3";"4";"5";"5";"3";"4";"4";"0";"0";"0";"3";"0";"0";"0";"4";"4";"3";"3";"4";"3";"3";"4";"4";"4";"3";"4";"3";"3";"1";"3";"4";"4";"3";"1";"4";"5";"3";"3";"4";"1";"4";"3";"4";"4";"4";"4";"4";"4";"4";"4";"4";"4";"4";"5";
"6541392343";"164845248";"2017-11-23 17:11:28";"2017-11-23 17:17:32";"157.253.3.129";"";"";"";"";"1";"Codest15777";"5";"5";"5";"5";"5";"5";"5";"5";"5";"5";"5";"5";"5";"5";"5";"5";"5";"0";"0";"0";"0";"0";"0";"0";"0";"0";"13";"3";"5";"5";"5";"5";"5";"5";"5";"5";"5";"5";"5";"5";"5";"5";"5";"4";"5";"4";"5";"5";"5";"5";"5";"5";"5";"5";"5";"5";"5";"5";"5";"5";"5";"5";"5";"5";"5";"5";
"6541197288";"164845248";"2017-11-23 14:14:43";"2017-11-23 14:17:56";"157.253.114.248";"";"";"";"";"1";"Codest15778";"5";"5";"5";"4";"4";"3";"4";"5";"5";"5";"4";"3";"4";"5";"5";"5";"5";"5";"5";"5";"5";"5";"5";"5";"5";"5";"5";"3";"5";"5";"5";"5";"5";"5";"5";"5";"5";"5";"5";"5";"5";"5";"5";"5";"5";"5";"5";"5";"5";"5";"5";"5";"5";"5";"5";"5";"5";"5";"5";"5";"5";"5";"5";"5";"5";"5";
"6540855484";"164845248";"2017-11-23 10:20:02";"2017-11-23 10:32:19";"181.48.222.29";"";"";"";"";"1";"Codest15779";"4";"3";"4";"3";"3";"4";"4";"3";"4";"4";"4";"4";"4";"4";"4";"3";"4";"4";"4";"0";"0";"0";"4";"4";"4";"4";"4";"3";"4";"4";"3";"4";"4";"4";"4";"4";"3";"3";"3";"3";"3";"3";"4";"3";"4";"2";"3";"4";"4";"4";"4";"3";"4";"4";"4";"4";"4";"4";"4";"4";"4";"4";"4";"4";"4";"4";
"6540794799";"166205846";"2017-11-23 9:45:03";"2017-11-23 10:00:00";"190.60.70.36";"Login estudiante15272";"";"";"";"1";"Codest15780";"4";"4";"3";"4";"4";"2";"4";"4";"4";"4";"4";"4";"4";"3";"4";"3";"4";"4";"4";"4";"4";"4";"3";"4";"4";"4";"5";"4";"4";"4";"4";"4";"4";"4";"4";"4";"4";"4";"4";"2";"2";"4";"4";"4";"4";"2";"3";"5";"2";"2";"2";"3";"3";"3";"3";"3";"2";"4";"4";"4";"2";"2";"2";"3";"4";"4";
"6539050237";"166205846";"2017-11-22 14:02:00";"2017-11-22 14:44:15";"181.49.245.190";"Login estudiante15279";"";"";"";"1";"Codest15781";"5";"5";"5";"5";"5";"4";"5";"5";"5";"4";"5";"4";"5";"5";"5";"5";"5";"5";"5";"5";"5";"5";"5";"5";"5";"5";"9";"3";"5";"5";"5";"5";"5";"5";"5";"5";"5";"5";"5";"5";"5";"5";"5";"5";"5";"4";"4";"5";"4";"4";"5";"4";"5";"4";"4";"4";"4";"5";"5";"5";"5";"5";"5";"5";"5";"5";
"6538694672";"166205846";"2017-11-22 11:20:27";"2017-11-22 11:28:24";"201.216.7.1";"Login estudiante7746";"";"";"";"1";"Codest15782";"5";"3";"5";"2";"5";"5";"5";"3";"5";"2";"5";"5";"5";"5";"5";"5";"2";"5";"5";"3";"3";"4";"5";"5";"5";"5";"5";"3";"5";"5";"5";"5";"5";"5";"4";"5";"5";"5";"5";"5";"4";"5";"4";"5";"5";"2";"5";"5";"4";"5";"5";"4";"5";"5";"4";"5";"5";"5";"5";"5";"5";"5";"5";"5";"5";"5";
"6538657944";"166205846";"2017-11-22 11:05:38";"2017-11-22 11:38:05";"64.76.82.130";"Login estudiante15306";"";"";"";"1";"Codest15783";"4";"3";"3";"4";"4";"2";"3";"3";"3";"4";"4";"3";"2";"4";"3";"4";"3";"4";"4";"3";"3";"3";"3";"0";"5";"5";"2";"3";"3";"4";"5";"5";"3";"4";"5";"4";"4";"3";"3";"5";"4";"4";"4";"3";"5";"3";"4";"5";"1";"1";"1";"1";"3";"1";"1";"1";"1";"5";"5";"3";"2";"2";"2";"2";"3";"5";
"6538564421";"166205846";"2017-11-22 10:27:38";"2017-11-22 10:30:53";"190.145.22.202";"Login estudiante15280";"";"";"";"1";"Codest15784";"5";"5";"5";"5";"5";"5";"5";"5";"5";"5";"5";"5";"5";"5";"5";"5";"5";"5";"5";"0";"5";"5";"5";"5";"5";"5";"3";"3";"5";"5";"5";"5";"5";"5";"5";"5";"5";"5";"5";"5";"5";"5";"5";"5";"5";"5";"5";"5";"5";"5";"5";"5";"5";"5";"5";"5";"5";"5";"5";"5";"5";"5";"5";"5";"5";"5";
"6531842124";"164845248";"2017-11-19 20:41:58";"2017-11-19 20:53:19";"186.29.212.241";"";"";"";"";"1";"Codest15785";"3";"3";"4";"4";"5";"3";"5";"3";"5";"5";"5";"2";"5";"5";"4";"5";"5";"5";"5";"0";"0";"5";"5";"4";"4";"4";"9";"3";"2";"4";"5";"4";"4";"4";"4";"4";"4";"4";"2";"4";"4";"4";"4";"5";"4";"1";"3";"4";"1";"1";"1";"1";"4";"1";"1";"1";"1";"4";"4";"5";"4";"4";"4";"2";"4";"4";
"6530181053";"164845248";"2017-11-18 13:16:03";"2017-11-18 15:44:37";"157.253.161.139";"";"";"";"";"1";"Codest15786";"2";"3";"5";"4";"5";"2";"5";"3";"5";"5";"5";"5";"5";"4";"5";"4";"2";"2";"2";"1";"1";"1";"0";"0";"0";"0";"16";"4";"4";"4";"5";"4";"5";"5";"4";"4";"4";"3";"5";"5";"4";"5";"5";"5";"5";"1";"4";"5";"1";"1";"1";"1";"2";"1";"1";"1";"1";"5";"5";"5";"5";"5";"5";"5";"4";"4";
"6529975638";"164845248";"2017-11-18 9:31:24";"2017-11-18 9:41:32";"157.253.57.204";"";"";"";"";"1";"Codest15787";"4";"3";"4";"3";"5";"5";"5";"5";"4";"5";"5";"5";"5";"5";"5";"5";"5";"5";"5";"5";"5";"5";"5";"5";"5";"5";"3";"3";"5";"5";"5";"5";"4";"5";"5";"5";"5";"5";"4";"5";"5";"5";"5";"5";"5";"1";"3";"5";"4";"4";"2";"2";"2";"2";"3";"3";"3";"5";"5";"5";"5";"5";"5";"5";"5";"5";
"6529968780";"164845248";"2017-11-18 9:23:32";"2017-11-18 9:34:54";"157.253.156.184";"";"";"";"";"1";"Codest15788";"3";"4";"3";"4";"3";"5";"4";"4";"3";"4";"3";"5";"4";"4";"4";"4";"4";"5";"5";"4";"4";"4";"3";"3";"3";"3";"3";"2";"3";"4";"3";"3";"3";"4";"4";"4";"3";"3";"3";"3";"4";"3";"4";"3";"3";"2";"4";"5";"4";"4";"4";"3";"4";"4";"4";"4";"4";"4";"4";"4";"4";"4";"4";"4";"3";"5";
"6529968534";"164845248";"2017-11-18 9:24:21";"2017-11-18 9:32:21";"157.253.56.119";"";"";"";"";"1";"Codest15789";"4";"3";"4";"5";"5";"4";"4";"3";"4";"5";"5";"3";"5";"4";"4";"3";"3";"0";"0";"0";"0";"4";"4";"4";"4";"4";"4";"3";"4";"4";"4";"4";"4";"4";"3";"4";"3";"4";"3";"4";"4";"4";"4";"5";"5";"3";"4";"5";"4";"4";"4";"4";"4";"4";"4";"4";"4";"4";"4";"4";"4";"4";"4";"4";"4";"5";
"6529968006";"164845248";"2017-11-18 9:23:39";"2017-11-18 9:33:59";"157.253.156.56";"";"";"";"";"1";"Codest15790";"4";"2";"4";"4";"5";"4";"5";"3";"4";"4";"5";"4";"4";"4";"4";"4";"3";"5";"5";"0";"0";"4";"4";"4";"4";"4";"7";"5";"4";"4";"4";"4";"4";"4";"4";"4";"4";"5";"4";"4";"5";"4";"4";"4";"4";"2";"5";"5";"3";"3";"3";"3";"3";"2";"3";"2";"2";"4";"5";"5";"5";"5";"5";"5";"5";"5";
"6529967539";"164845248";"2017-11-18 9:22:12";"2017-11-18 9:35:13";"157.253.156.32";"";"";"";"";"1";"Codest15791";"4";"2";"4";"5";"4";"4";"4";"2";"4";"4";"4";"4";"5";"5";"4";"4";"5";"5";"5";"5";"5";"5";"5";"5";"5";"5";"4";"4";"4";"5";"4";"4";"4";"4";"4";"5";"4";"4";"4";"4";"4";"4";"5";"4";"4";"4";"5";"5";"3";"3";"3";"3";"5";"4";"3";"2";"3";"4";"4";"4";"4";"4";"4";"4";"5";"4";
"6529967009";"164845248";"2017-11-18 9:22:02";"2017-11-18 9:31:00";"157.253.157.193";"";"";"";"";"1";"Codest15792";"5";"3";"5";"4";"5";"3";"5";"3";"5";"5";"5";"3";"5";"5";"5";"4";"5";"5";"5";"5";"5";"5";"5";"5";"5";"5";"9";"3";"5";"5";"5";"5";"5";"5";"5";"5";"5";"3";"4";"4";"4";"5";"5";"5";"5";"4";"4";"5";"3";"4";"4";"3";"5";"5";"5";"5";"5";"5";"5";"5";"5";"5";"5";"5";"5";"5";
"6529966968";"164845248";"2017-11-18 9:22:15";"2017-11-18 9:29:05";"157.253.57.151";"";"";"";"";"1";"Codest15793";"4";"3";"2";"4";"5";"4";"4";"4";"4";"4";"4";"4";"4";"4";"4";"4";"4";"5";"4";"5";"4";"4";"4";"4";"4";"4";"5";"3";"4";"4";"4";"4";"2";"4";"4";"4";"2";"4";"4";"4";"4";"4";"4";"5";"5";"3";"4";"5";"2";"2";"2";"2";"2";"2";"4";"4";"4";"4";"4";"4";"4";"4";"4";"4";"4";"5";
"6529966852";"164845248";"2017-11-18 9:22:20";"2017-11-18 9:36:25";"157.253.57.253";"";"";"";"";"1";"Codest15794";"5";"3";"5";"5";"5";"4";"5";"3";"5";"5";"5";"5";"5";"5";"4";"5";"3";"5";"5";"3";"3";"5";"5";"5";"5";"5";"4";"3";"4";"5";"5";"5";"5";"5";"5";"5";"5";"5";"5";"5";"5";"4";"4";"5";"5";"2";"4";"5";"3";"4";"5";"5";"5";"5";"5";"5";"5";"5";"5";"5";"4";"4";"4";"4";"4";"5";
"6529966840";"164845248";"2017-11-18 9:22:30";"2017-11-18 9:29:16";"157.253.57.148";"";"";"";"";"1";"Codest15795";"4";"2";"4";"4";"4";"4";"3";"3";"4";"4";"4";"4";"3";"3";"4";"2";"1";"2";"2";"2";"2";"3";"3";"3";"3";"4";"5";"4";"2";"2";"2";"2";"2";"2";"2";"4";"1";"3";"3";"2";"1";"1";"3";"1";"3";"2";"1";"2";"1";"1";"1";"1";"1";"1";"1";"1";"1";"4";"4";"4";"3";"2";"2";"1";"2";"3";
"6529966785";"164845248";"2017-11-18 9:21:28";"2017-11-18 9:33:39";"157.253.157.132";"";"";"";"";"1";"Codest15796";"5";"4";"3";"5";"5";"5";"5";"3";"4";"5";"5";"5";"4";"5";"5";"4";"5";"5";"5";"5";"5";"5";"5";"5";"5";"5";"4";"3";"5";"5";"5";"5";"4";"5";"5";"4";"5";"5";"5";"5";"5";"5";"5";"5";"5";"3";"4";"5";"3";"3";"3";"2";"4";"3";"4";"3";"1";"5";"5";"5";"5";"5";"5";"5";"5";"5";
"6529966728";"164845248";"2017-11-18 9:22:09";"2017-11-18 9:38:04";"157.253.57.195";"";"";"";"";"1";"Codest15797";"4";"5";"3";"4";"5";"5";"4";"5";"3";"4";"5";"5";"4";"4";"4";"3";"2";"5";"4";"0";"0";"4";"4";"3";"4";"4";"5";"3";"4";"4";"4";"4";"4";"4";"3";"4";"2";"4";"2";"3";"3";"4";"5";"5";"3";"3";"5";"5";"2";"3";"2";"2";"3";"1";"1";"1";"1";"4";"4";"5";"4";"3";"4";"4";"4";"5";
"6529966589";"164845248";"2017-11-18 9:21:58";"2017-11-18 9:31:04";"157.253.57.228";"";"";"";"";"1";"Codest15798";"4";"2";"3";"4";"5";"5";"4";"3";"3";"5";"5";"5";"4";"5";"5";"2";"5";"5";"5";"0";"0";"5";"5";"5";"5";"5";"3";"3";"4";"4";"4";"4";"4";"4";"4";"4";"4";"4";"4";"4";"4";"4";"4";"5";"3";"1";"3";"5";"2";"1";"2";"2";"4";"3";"2";"2";"1";"5";"5";"5";"5";"5";"5";"5";"5";"4";
"6529966505";"164845248";"2017-11-18 9:21:06";"2017-11-18 9:35:55";"157.253.156.106";"";"";"";"";"1";"Codest15799";"4";"2";"4";"4";"4";"4";"4";"3";"4";"4";"4";"4";"4";"4";"5";"3";"4";"5";"4";"0";"0";"4";"4";"4";"4";"4";"7";"3";"4";"4";"4";"3";"3";"4";"4";"4";"2";"3";"3";"4";"4";"4";"4";"4";"4";"1";"3";"4";"3";"4";"4";"3";"5";"4";"4";"4";"4";"5";"5";"5";"4";"4";"4";"4";"4";"4";
"6529966451";"164845248";"2017-11-18 9:22:14";"2017-11-18 9:32:13";"152.201.22.160";"";"";"";"";"1";"Codest15800";"4";"2";"4";"4";"3";"4";"4";"2";"4";"4";"4";"4";"4";"4";"4";"4";"2";"4";"4";"3";"3";"4";"4";"4";"4";"4";"7";"3";"4";"4";"4";"4";"4";"4";"4";"4";"2";"4";"2";"4";"4";"5";"4";"3";"4";"2";"4";"5";"4";"4";"4";"4";"4";"4";"4";"4";"4";"4";"4";"4";"4";"4";"4";"4";"4";"5";
"6529966117";"164845248";"2017-11-18 9:21:45";"2017-11-18 9:27:22";"157.253.57.136";"";"";"";"";"1";"Codest15801";"5";"4";"5";"5";"5";"4";"4";"4";"4";"5";"5";"5";"4";"5";"5";"5";"5";"0";"0";"0";"0";"0";"4";"4";"5";"5";"4";"3";"5";"5";"4";"5";"5";"5";"5";"4";"5";"5";"5";"5";"5";"5";"5";"5";"3";"1";"5";"5";"4";"4";"4";"2";"5";"5";"5";"5";"5";"5";"5";"5";"5";"5";"5";"5";"5";"5";
"6529965960";"164845248";"2017-11-18 9:21:22";"2017-11-18 9:31:54";"157.253.57.202";"";"";"";"";"1";"Codest15802";"5";"5";"5";"5";"5";"5";"5";"5";"5";"5";"5";"5";"5";"5";"5";"5";"5";"5";"5";"5";"5";"4";"4";"4";"4";"4";"6";"4";"4";"4";"5";"3";"3";"4";"5";"5";"4";"3";"4";"4";"5";"5";"5";"5";"5";"5";"5";"5";"5";"5";"5";"5";"4";"5";"5";"3";"5";"5";"5";"5";"5";"5";"5";"5";"5";"5";
"6529965622";"164845248";"2017-11-18 9:20:52";"2017-11-18 9:35:40";"157.253.157.154";"";"";"";"";"1";"Codest15803";"1";"1";"1";"2";"3";"3";"2";"1";"2";"2";"3";"2";"3";"2";"2";"1";"2";"3";"3";"3";"3";"3";"1";"1";"1";"1";"13";"3";"2";"2";"2";"2";"2";"2";"1";"2";"1";"1";"1";"1";"1";"3";"1";"2";"1";"1";"1";"2";"1";"1";"1";"1";"1";"1";"1";"1";"2";"2";"2";"2";"1";"1";"1";"1";"1";"3";
"6529965577";"164845248";"2017-11-18 9:20:50";"2017-11-18 9:28:54";"157.253.57.141";"";"";"";"";"1";"Codest15804";"4";"4";"4";"4";"4";"3";"4";"4";"4";"4";"4";"4";"4";"5";"5";"5";"5";"5";"5";"5";"5";"5";"5";"5";"5";"5";"4";"3";"5";"5";"5";"5";"5";"5";"5";"5";"5";"5";"5";"5";"5";"5";"4";"4";"5";"3";"3";"5";"3";"4";"5";"3";"4";"3";"4";"4";"4";"4";"5";"5";"5";"5";"5";"5";"5";"5";
"6529965402";"164845248";"2017-11-18 9:20:45";"2017-11-18 9:30:23";"157.253.157.27";"";"";"";"";"1";"Codest15805";"4";"4";"3";"4";"4";"4";"4";"4";"2";"4";"4";"4";"4";"5";"5";"5";"5";"5";"5";"5";"5";"5";"4";"4";"4";"4";"7";"3";"5";"4";"4";"4";"4";"4";"4";"4";"4";"3";"4";"4";"4";"4";"4";"3";"4";"4";"4";"4";"3";"3";"3";"4";"4";"4";"4";"3";"3";"4";"4";"4";"4";"4";"5";"5";"5";"5";
"6529965330";"164845248";"2017-11-18 9:20:45";"2017-11-18 9:32:27";"157.253.157.101";"";"";"";"";"1";"Codest15806";"4";"5";"3";"4";"2";"5";"5";"4";"4";"4";"5";"5";"5";"5";"4";"4";"4";"4";"5";"0";"0";"5";"4";"4";"4";"4";"5";"3";"4";"4";"3";"4";"4";"4";"4";"5";"4";"4";"4";"2";"4";"4";"5";"4";"5";"3";"5";"5";"3";"4";"2";"4";"5";"3";"2";"2";"3";"5";"5";"5";"5";"5";"5";"5";"5";"5";
"6529965289";"164845248";"2017-11-18 9:20:45";"2017-11-18 9:27:57";"157.253.157.97";"";"";"";"";"1";"Codest15807";"4";"3";"4";"4";"4";"4";"4";"3";"4";"5";"5";"4";"5";"4";"5";"4";"5";"5";"5";"5";"5";"5";"5";"5";"5";"5";"6";"3";"5";"5";"5";"4";"4";"4";"5";"5";"5";"5";"4";"4";"4";"4";"5";"3";"5";"3";"4";"5";"5";"5";"5";"3";"4";"4";"4";"4";"4";"5";"5";"5";"5";"5";"5";"5";"5";"5";
"6529965280";"164845248";"2017-11-18 9:20:46";"2017-11-18 9:30:43";"157.253.57.251";"";"";"";"";"1";"Codest15808";"5";"5";"5";"5";"4";"4";"5";"5";"4";"4";"5";"5";"4";"4";"5";"4";"4";"5";"5";"4";"5";"4";"5";"5";"4";"4";"9";"3";"4";"4";"5";"4";"4";"4";"4";"4";"5";"4";"4";"4";"5";"4";"4";"4";"3";"4";"4";"5";"5";"4";"4";"4";"4";"5";"5";"4";"4";"5";"4";"4";"5";"5";"4";"4";"5";"5";
"6529965232";"164845248";"2017-11-18 9:20:51";"2017-11-18 9:26:18";"157.253.57.214";"";"";"";"";"1";"Codest15809";"4";"4";"4";"4";"4";"4";"4";"4";"2";"4";"4";"4";"4";"4";"4";"4";"4";"5";"5";"5";"5";"5";"5";"5";"5";"5";"5";"3";"4";"4";"4";"4";"4";"4";"4";"4";"4";"4";"4";"4";"4";"4";"4";"3";"5";"4";"4";"5";"3";"3";"2";"2";"4";"2";"4";"2";"3";"4";"4";"4";"4";"4";"4";"4";"4";"4";
"6529964974";"164845248";"2017-11-18 9:20:40";"2017-11-18 9:25:15";"157.253.57.233";"";"";"";"";"1";"Codest15810";"4";"3";"4";"4";"4";"5";"4";"3";"4";"4";"4";"4";"2";"4";"4";"4";"4";"4";"4";"4";"4";"4";"4";"4";"4";"4";"4";"3";"4";"4";"4";"4";"4";"4";"4";"4";"4";"4";"4";"4";"4";"4";"4";"4";"4";"4";"4";"4";"4";"4";"4";"4";"4";"4";"4";"4";"4";"4";"4";"4";"4";"4";"4";"4";"4";"5";
"6525022445";"164845248";"2017-11-16 7:50:19";"2017-11-16 13:05:25";"157.253.254.164";"";"";"";"";"1";"Codest15811";"5";"5";"5";"5";"5";"4";"4";"4";"4";"4";"4";"4";"5";"5";"5";"5";"5";"5";"5";"5";"5";"5";"5";"5";"5";"5";"4";"3";"5";"5";"5";"5";"5";"5";"5";"5";"5";"5";"5";"5";"5";"5";"5";"5";"5";"5";"5";"5";"4";"4";"4";"4";"5";"5";"5";"5";"4";"5";"5";"5";"5";"5";"5";"5";"5";"5";
"6517441179";"164845248";"2017-11-13 20:39:57";"2017-11-13 21:11:53";"186.154.52.103";"";"";"";"";"1";"Codest15812";"4";"3";"4";"4";"4";"4";"4";"4";"4";"4";"4";"4";"4";"4";"4";"3";"4";"4";"4";"4";"4";"4";"4";"4";"4";"4";"13";"3";"4";"4";"4";"4";"4";"4";"4";"4";"4";"4";"4";"4";"4";"4";"4";"4";"4";"3";"3";"4";"4";"4";"4";"4";"4";"4";"4";"4";"4";"4";"4";"4";"4";"4";"4";"4";"4";"4";
"6509893329";"164845248";"2017-11-09 17:40:55";"2017-11-09 17:59:51";"186.154.3.204";"";"";"";"";"1";"Codest15813";"4";"3";"4";"4";"5";"4";"5";"3";"5";"5";"4";"4";"4";"4";"5";"5";"3";"0";"0";"3";"3";"5";"5";"5";"5";"5";"13";"4";"4";"4";"5";"5";"5";"4";"5";"4";"4";"4";"4";"4";"4";"4";"5";"5";"4";"3";"3";"4";"3";"3";"3";"3";"4";"2";"2";"3";"3";"5";"5";"3";"2";"4";"2";"2";"4";"4";
"6504209533";"164845248";"2017-11-07 18:05:45";"2017-11-07 18:16:23";"157.253.220.27";"";"";"";"";"1";"Codest15814";"5";"3";"5";"5";"5";"3";"4";"3";"5";"4";"3";"3";"4";"5";"5";"5";"3";"5";"5";"2";"3";"3";"3";"4";"4";"4";"2";"3";"3";"3";"5";"4";"4";"4";"4";"5";"4";"4";"4";"4";"4";"4";"5";"5";"4";"1";"3";"5";"4";"4";"4";"4";"4";"4";"4";"3";"4";"5";"5";"5";"3";"4";"3";"3";"5";"5";
"6503465029";"164845248";"2017-11-07 13:32:42";"2017-11-07 13:39:16";"157.253.167.233";"";"";"";"";"1";"Codest15777";"5";"5";"4";"5";"4";"3";"5";"5";"4";"5";"5";"5";"5";"5";"5";"5";"5";"0";"0";"0";"0";"0";"0";"0";"0";"0";"7";"3";"5";"5";"5";"5";"5";"5";"5";"5";"5";"5";"5";"5";"5";"5";"5";"2";"5";"4";"5";"3";"4";"5";"5";"5";"5";"5";"5";"5";"4";"5";"5";"5";"5";"5";"5";"5";"5";"5";
"6503053119";"164845248";"2017-11-07 11:25:45";"2017-11-07 11:41:32";"157.253.201.190";"";"";"";"";"1";"Codest15815";"4";"3";"4";"3";"5";"3";"4";"1";"5";"4";"4";"3";"5";"4";"4";"4";"1";"4";"4";"1";"3";"4";"4";"4";"3";"5";"5";"3";"4";"3";"4";"5";"4";"4";"4";"3";"2";"2";"4";"4";"4";"4";"5";"4";"4";"1";"5";"5";"4";"4";"5";"2";"5";"5";"5";"5";"5";"4";"4";"5";"2";"1";"2";"2";"4";"5";
"6502772362";"164845248";"2017-11-07 9:59:11";"2017-11-07 10:09:15";"157.253.64.73";"";"";"";"";"1";"Codest15816";"5";"4";"5";"4";"4";"5";"5";"4";"1";"4";"5";"5";"5";"5";"5";"5";"5";"5";"5";"5";"5";"5";"5";"5";"5";"5";"17";"4";"5";"5";"5";"5";"5";"5";"5";"5";"5";"5";"5";"5";"5";"5";"5";"5";"5";"3";"5";"5";"5";"5";"5";"4";"4";"5";"5";"5";"5";"5";"5";"5";"5";"5";"5";"5";"5";"5";
"6502726746";"164845248";"2017-11-07 9:44:41";"2017-11-07 9:50:38";"190.25.87.255";"";"";"";"";"1";"Codest15817";"3";"2";"2";"3";"2";"2";"2";"2";"2";"3";"2";"2";"2";"2";"2";"2";"2";"2";"2";"2";"2";"2";"2";"2";"2";"2";"5";"3";"3";"3";"2";"2";"2";"2";"2";"2";"2";"2";"2";"2";"2";"2";"4";"4";"4";"4";"4";"4";"4";"4";"4";"4";"4";"4";"4";"4";"4";"4";"4";"4";"4";"4";"4";"4";"4";"4";
"6502670216";"164845248";"2017-11-07 9:24:52";"2017-11-07 9:28:44";"186.83.106.78";"";"";"";"";"1";"Codest15818";"5";"5";"5";"5";"5";"5";"5";"5";"5";"5";"5";"5";"5";"5";"5";"5";"5";"5";"5";"5";"5";"5";"5";"5";"5";"5";"5";"3";"5";"5";"5";"5";"5";"5";"5";"5";"5";"5";"5";"5";"5";"5";"5";"5";"5";"3";"5";"5";"4";"4";"5";"5";"5";"5";"5";"5";"5";"5";"5";"5";"5";"5";"5";"5";"5";"5";
"6502662487";"164845248";"2017-11-07 9:21:56";"2017-11-07 9:41:28";"181.57.247.222";"";"";"";"";"1";"Codest15819";"4";"3";"4";"2";"5";"5";"5";"4";"4";"4";"5";"5";"4";"5";"5";"4";"4";"5";"5";"5";"5";"4";"5";"5";"5";"5";"4";"3";"4";"3";"5";"4";"4";"4";"4";"5";"4";"4";"4";"4";"4";"4";"4";"5";"4";"3";"5";"5";"4";"4";"4";"4";"4";"5";"5";"5";"5";"4";"4";"5";"4";"4";"4";"4";"5";"5";
"6502575118";"164845248";"2017-11-07 8:49:49";"2017-11-07 9:00:31";"177.252.253.111";"";"";"";"";"1";"Codest15820";"5";"5";"4";"4";"5";"4";"5";"4";"4";"5";"5";"3";"4";"5";"5";"4";"3";"0";"0";"0";"0";"5";"5";"5";"5";"5";"6";"3";"5";"5";"4";"5";"5";"4";"5";"4";"5";"4";"5";"4";"5";"5";"5";"4";"5";"3";"4";"5";"4";"5";"5";"3";"5";"5";"5";"5";"4";"5";"5";"5";"5";"5";"5";"4";"5";"5";
"6502573749";"164845248";"2017-11-07 8:49:22";"2017-11-07 9:04:47";"157.253.168.126";"";"";"";"";"1";"Codest15821";"4";"5";"4";"5";"5";"5";"5";"5";"4";"4";"5";"5";"4";"5";"5";"5";"4";"0";"0";"0";"0";"4";"4";"4";"4";"4";"7";"5";"4";"5";"4";"4";"4";"4";"5";"5";"4";"4";"4";"4";"4";"5";"5";"5";"5";"4";"5";"5";"5";"5";"5";"5";"5";"4";"5";"5";"5";"5";"4";"5";"5";"5";"4";"4";"5";"5";
"6502567256";"164845248";"2017-11-07 8:46:20";"2017-11-07 8:53:13";"157.253.143.238";"";"";"";"";"1";"Codest15822";"4";"3";"5";"3";"5";"5";"5";"5";"5";"5";"5";"5";"5";"5";"5";"5";"1";"0";"0";"0";"0";"0";"0";"0";"0";"0";"4";"4";"5";"5";"5";"5";"5";"5";"5";"5";"5";"5";"5";"5";"5";"5";"5";"5";"2";"1";"1";"5";"5";"1";"5";"1";"5";"5";"5";"5";"5";"5";"5";"5";"5";"5";"5";"5";"5";"5";
"6502555248";"164845248";"2017-11-07 8:42:00";"2017-11-23 9:17:14";"157.253.168.60";"";"";"";"";"1";"Codest15823";"5";"4";"5";"3";"4";"4";"4";"4";"4";"3";"4";"4";"4";"4";"4";"4";"4";"4";"4";"4";"4";"4";"4";"4";"4";"4";"5";"4";"4";"4";"4";"4";"4";"4";"4";"4";"4";"4";"4";"4";"4";"4";"4";"4";"4";"4";"4";"4";"4";"4";"4";"4";"4";"4";"4";"4";"4";"4";"4";"4";"4";"4";"4";"4";"4";"4";
"6502552844";"164845248";"2017-11-07 8:40:59";"2017-11-07 8:50:40";"190.130.67.91";"";"";"";"";"1";"Codest15824";"4";"3";"5";"4";"5";"5";"4";"4";"4";"3";"4";"5";"4";"5";"4";"4";"3";"4";"5";"4";"3";"4";"3";"4";"3";"4";"3";"3";"4";"4";"4";"4";"4";"4";"4";"3";"3";"2";"4";"4";"4";"4";"4";"4";"5";"4";"5";"5";"5";"3";"4";"3";"4";"3";"4";"4";"4";"4";"4";"4";"4";"4";"5";"4";"4";"5";
"6502546903";"164845248";"2017-11-07 8:38:37";"2017-11-07 8:54:00";"157.253.144.81";"";"";"";"";"1";"Codest15825";"2";"1";"1";"3";"2";"3";"3";"2";"2";"2";"2";"4";"2";"4";"2";"2";"1";"3";"3";"3";"3";"2";"2";"1";"1";"2";"5";"2";"2";"2";"2";"2";"2";"2";"3";"2";"2";"2";"2";"2";"2";"2";"2";"1";"4";"1";"3";"3";"1";"1";"2";"2";"3";"1";"3";"2";"2";"2";"2";"2";"2";"2";"2";"2";"3";"4";
"6502546001";"164845248";"2017-11-07 8:38:07";"2017-11-07 8:50:37";"157.253.144.142";"";"";"";"";"1";"Codest15826";"4";"3";"4";"4";"4";"4";"4";"3";"4";"4";"4";"4";"2";"4";"4";"4";"3";"4";"3";"3";"3";"3";"4";"4";"4";"4";"4";"3";"4";"4";"3";"4";"3";"3";"4";"2";"4";"2";"4";"4";"4";"4";"3";"5";"4";"3";"3";"4";"5";"5";"4";"4";"5";"4";"4";"4";"4";"4";"4";"3";"3";"4";"4";"4";"4";"4";
"6502543061";"164845248";"2017-11-07 8:36:28";"2017-11-07 8:55:37";"157.253.143.137";"";"";"";"";"1";"Codest15827";"3";"3";"2";"4";"4";"5";"4";"4";"4";"3";"4";"4";"4";"4";"4";"4";"5";"5";"0";"0";"0";"2";"2";"4";"2";"3";"4";"3";"4";"4";"4";"4";"4";"4";"5";"5";"4";"4";"2";"3";"4";"2";"3";"4";"5";"2";"3";"5";"5";"4";"3";"1";"3";"3";"3";"3";"2";"5";"5";"5";"5";"4";"4";"3";"4";"5";
"6502541311";"164845248";"2017-11-07 8:35:53";"2017-11-07 8:47:45";"157.253.144.180";"";"";"";"";"1";"Codest15828";"4";"4";"4";"4";"4";"4";"4";"3";"4";"4";"4";"4";"4";"4";"2";"4";"4";"3";"3";"4";"4";"4";"4";"4";"4";"4";"3";"3";"3";"3";"4";"4";"4";"4";"2";"2";"2";"2";"4";"4";"2";"3";"4";"4";"4";"1";"2";"2";"2";"4";"3";"3";"3";"3";"4";"3";"4";"4";"4";"4";"2";"2";"2";"2";"3";"4";
"6502539824";"164845248";"2017-11-07 8:35:27";"2017-11-07 8:48:06";"152.202.0.209";"";"";"";"";"1";"Codest15829";"4";"4";"4";"4";"4";"4";"4";"4";"4";"4";"4";"4";"4";"4";"4";"4";"4";"4";"4";"4";"4";"2";"2";"4";"4";"4";"9";"4";"4";"4";"4";"4";"4";"4";"4";"4";"4";"4";"4";"4";"4";"4";"4";"4";"4";"4";"4";"4";"4";"4";"4";"3";"4";"4";"4";"4";"3";"4";"4";"4";"4";"4";"4";"4";"4";"4";
"6502539293";"164845248";"2017-11-07 8:35:24";"2017-11-07 8:51:06";"157.253.143.240";"";"";"";"";"1";"Codest15830";"2";"1";"2";"2";"3";"4";"3";"2";"3";"3";"4";"4";"3";"5";"3";"5";"1";"1";"3";"1";"1";"1";"1";"2";"2";"2";"4";"5";"3";"3";"3";"3";"2";"4";"1";"3";"3";"3";"2";"3";"3";"1";"2";"2";"3";"2";"3";"4";"4";"4";"2";"2";"1";"1";"2";"2";"3";"5";"5";"3";"2";"2";"2";"2";"3";"3";
"6502539026";"164845248";"2017-11-07 8:35:06";"2017-11-07 8:45:36";"152.201.179.70";"";"";"";"";"1";"Codest15831";"4";"4";"5";"5";"5";"4";"5";"4";"5";"5";"5";"4";"5";"5";"5";"5";"5";"5";"5";"0";"0";"5";"5";"5";"5";"5";"3";"3";"5";"4";"4";"4";"4";"4";"5";"4";"4";"4";"3";"4";"4";"5";"4";"4";"3";"2";"4";"5";"3";"4";"3";"3";"4";"4";"4";"4";"4";"5";"5";"5";"5";"5";"5";"5";"5";"5";
"6502538936";"164845248";"2017-11-07 8:35:11";"2017-11-07 8:52:08";"157.253.106.109";"";"";"";"";"1";"Codest15832";"4";"3";"4";"4";"4";"4";"4";"3";"4";"3";"4";"4";"4";"3";"4";"4";"4";"4";"4";"3";"3";"3";"0";"3";"3";"3";"3";"3";"4";"4";"4";"4";"4";"4";"4";"4";"4";"4";"4";"4";"4";"4";"3";"4";"4";"1";"4";"5";"4";"4";"4";"3";"4";"4";"4";"4";"4";"4";"4";"4";"4";"4";"4";"4";"4";"4";
"6502538894";"164845248";"2017-11-07 8:35:04";"2017-11-07 8:51:52";"157.253.144.174";"";"";"";"";"1";"Codest15833";"4";"2";"4";"2";"2";"2";"4";"4";"4";"2";"4";"2";"4";"4";"2";"4";"2";"4";"4";"3";"3";"2";"4";"4";"4";"4";"5";"4";"4";"4";"4";"4";"4";"4";"2";"2";"2";"2";"2";"2";"2";"2";"4";"4";"4";"4";"4";"5";"4";"4";"2";"2";"4";"3";"4";"4";"4";"4";"4";"4";"2";"4";"2";"2";"2";"4";
"6502538479";"164845248";"2017-11-07 8:35:11";"2017-11-07 8:50:02";"157.253.144.99";"";"";"";"";"1";"Codest15834";"4";"3";"4";"4";"5";"4";"4";"4";"4";"4";"4";"4";"3";"4";"4";"4";"3";"3";"4";"0";"0";"0";"0";"3";"3";"3";"6";"4";"3";"3";"3";"4";"4";"2";"2";"3";"4";"3";"4";"3";"3";"4";"4";"4";"4";"2";"3";"5";"4";"4";"3";"4";"4";"3";"3";"4";"3";"4";"4";"3";"3";"3";"3";"3";"3";"5";
"6502538367";"164845248";"2017-11-07 8:35:06";"2017-11-07 8:46:10";"181.249.55.110";"";"";"";"";"1";"Codest15835";"5";"5";"5";"4";"5";"5";"5";"5";"5";"5";"5";"5";"4";"5";"5";"4";"4";"0";"0";"0";"0";"4";"0";"0";"0";"0";"11";"3";"4";"5";"4";"5";"5";"4";"4";"4";"4";"4";"4";"4";"4";"4";"4";"5";"5";"4";"4";"5";"3";"3";"3";"3";"4";"3";"3";"3";"3";"5";"5";"5";"5";"5";"5";"5";"5";"5";
"6502538168";"164845248";"2017-11-07 8:35:01";"2017-11-07 8:44:47";"157.253.169.198";"";"";"";"";"1";"Codest15836";"5";"5";"5";"5";"5";"5";"5";"3";"4";"4";"5";"5";"5";"5";"4";"2";"1";"5";"5";"0";"0";"4";"0";"0";"0";"0";"4";"4";"5";"5";"4";"4";"4";"4";"4";"2";"2";"2";"4";"4";"4";"4";"5";"4";"5";"1";"2";"5";"3";"3";"3";"2";"4";"3";"3";"2";"3";"5";"5";"4";"4";"4";"4";"4";"4";"5";
"6502537894";"164845248";"2017-11-07 8:34:55";"2017-11-07 8:49:42";"190.130.65.230";"";"";"";"";"1";"Codest15837";"3";"2";"4";"4";"1";"4";"4";"4";"4";"4";"4";"4";"4";"4";"4";"4";"1";"2";"2";"0";"0";"0";"0";"0";"0";"0";"5";"4";"3";"3";"3";"4";"4";"4";"4";"4";"4";"3";"3";"3";"3";"4";"3";"4";"4";"1";"4";"5";"3";"3";"2";"2";"2";"2";"4";"4";"3";"4";"4";"4";"4";"4";"4";"4";"3";"3";
"6502537873";"164845248";"2017-11-07 8:35:02";"2017-11-07 8:45:44";"179.18.36.125";"";"";"";"";"1";"Codest15838";"5";"3";"5";"4";"5";"5";"5";"4";"4";"5";"5";"5";"4";"4";"4";"4";"3";"4";"5";"4";"4";"4";"4";"4";"5";"5";"6";"2";"4";"5";"5";"4";"4";"3";"4";"5";"4";"4";"4";"4";"4";"5";"4";"3";"4";"3";"4";"5";"4";"3";"3";"4";"4";"3";"3";"4";"4";"5";"5";"4";"4";"4";"4";"4";"4";"5";
"6502537734";"164845248";"2017-11-07 8:34:59";"2017-11-07 8:41:23";"152.201.58.249";"";"";"";"";"1";"Codest15839";"5";"5";"4";"4";"5";"5";"5";"5";"5";"5";"5";"5";"5";"5";"3";"3";"3";"5";"5";"0";"0";"5";"0";"0";"0";"0";"3";"3";"3";"5";"5";"5";"5";"5";"5";"5";"5";"4";"4";"3";"4";"4";"4";"4";"5";"4";"5";"5";"3";"5";"3";"2";"4";"4";"4";"4";"5";"4";"4";"3";"2";"4";"4";"4";"4";"5";
"6502537519";"164845248";"2017-11-07 8:35:00";"2017-11-07 8:40:04";"157.253.212.100";"";"";"";"";"1";"Codest15840";"4";"3";"3";"4";"4";"2";"3";"2";"3";"3";"4";"1";"4";"4";"4";"5";"4";"4";"4";"4";"4";"4";"3";"5";"3";"3";"2";"3";"4";"4";"4";"4";"4";"4";"4";"4";"4";"4";"4";"4";"4";"4";"4";"4";"4";"3";"4";"4";"4";"4";"3";"3";"3";"3";"3";"3";"3";"4";"4";"4";"4";"4";"4";"4";"4";"4";
"6502525452";"164845248";"2017-11-07 8:12:45";"2017-11-07 8:38:29";"157.253.169.99";"";"";"";"";"1";"Codest15841";"4";"1";"4";"3";"3";"5";"4";"3";"4";"3";"3";"5";"3";"5";"5";"4";"4";"4";"4";"4";"4";"4";"4";"4";"4";"4";"3";"4";"4";"4";"4";"4";"4";"4";"4";"4";"4";"4";"4";"4";"4";"4";"4";"4";"3";"2";"4";"4";"4";"4";"4";"4";"4";"4";"4";"4";"4";"4";"4";"2";"3";"3";"3";"3";"4";"4";
"6502517797";"164845248";"2017-11-07 8:27:06";"2017-11-07 8:35:01";"157.253.144.140";"";"";"";"";"1";"Codest15842";"5";"3";"5";"5";"5";"5";"5";"3";"5";"5";"5";"5";"5";"5";"5";"5";"4";"5";"5";"0";"0";"5";"5";"5";"5";"5";"6";"3";"5";"5";"5";"5";"5";"5";"5";"5";"5";"5";"5";"5";"5";"5";"5";"5";"5";"3";"5";"5";"5";"5";"5";"5";"5";"5";"5";"5";"5";"5";"5";"5";"5";"5";"5";"5";"5";"5";
